{"id":"e925f9fc-602b-42b9-aea7-6fe6c61edc7c","checksum":999514598,"files":[{"file":"application.variables.json","checksum":3618090758},{"file":"connectionError.png","checksum":805632638},{"file":"data.dictionary.json","checksum":1697809639},{"file":"error.png","checksum":2514721211},{"file":"favicon.png","checksum":2917521775},{"file":"hmiapp.css","checksum":109352573},{"file":"hmiapp.html","checksum":826858378},{"file":"hmiapp.min.js","checksum":1675585330},{"file":"loading-sm.gif","checksum":856835299},{"file":"loading.gif","checksum":2915988902},{"file":"loadingSpriteSheet.png","checksum":3716234184},{"file":"profiles.json","checksum":1623254839},{"file":"project.json","checksum":2662598077},{"file":"test.json","checksum":2397132652},{"file":"testModule.js","checksum":3896674128},{"file":"type.dictionary.json","checksum":1384220761},{"file":"webserver.configuration.json","checksum":188414522}]}